{
  "mylist": [
    {
      "title": "我要上厕",
      "id": 1
    },
    {
      "id": 2,
      "title": "上山打老虎"
    },
    {
      "id": 3,
      "title": "老虎没打着"
    },
    {
      "id": 4,
      "title": "打只小松鼠"
    },
    {
      "title": "今天天气还行",
      "id": 5
    },
    {
      "id": 6,
      "title": "今夜夜黑风高"
    },
    {
      "id": 7,
      "title": "今天风雨交加"
    },
    {
      "id": 8,
      "title": "今夜伸手不见五指"
    },
    {
      "id": 9,
      "title": "一二三四五"
    },
    {
      "id": 10,
      "title": "上山打老虎"
    },
    {
      "id": 11,
      "title": "老虎没打着"
    },
    {
      "id": 12,
      "title": "打只小松鼠"
    },
    {
      "id": 13,
      "title": "今天天气晴朗"
    },
    {
      "id": 14,
      "title": "今夜夜黑风高"
    },
    {
      "id": 15,
      "title": "今天风雨交加"
    },
    {
      "id": 16,
      "title": "今夜伸手不见五指"
    },
    {
      "title": "小润润",
      "id": 17
    },
    {
      "title": "wreath",
      "id": 18
    },
    {
      "title": "双方各",
      "id": 19
    },
    {
      "title": "申达股份第三方公司 ",
      "id": 20
    },
    {
      "title": "森岛帆高是g",
      "id": 21
    },
    {
      "title": "电饭锅森岛帆高是",
      "id": 22
    },
    {
      "title": "施工方双方各嗦嘎",
      "id": 23
    },
    {
      "title": "双方都给双方各是否",
      "id": 24
    },
    {
      "title": "市分公司覆盖森岛帆高",
      "id": 25
    },
    {
      "title": "施工方施工方是g",
      "id": 26
    },
    {
      "title": "双方各市分公司翻个身",
      "id": 27
    },
    {
      "title": "了很大方",
      "id": 28
    }
  ]
}